Workbook

Sheet Day 1
A1: Tentative Program – Thursday, 2026/04/30
A2: 46142 | C2: Duration | D2: Speaker | E2: Title | F2: Affiliation
A3: 0.42361111 | B3: =A3+C3/(24*60) -> 0.43055556 | C3: 10 | D3: Rayko I. Stantchev | E3: Opening remarks | F3: National Sun Yat-sen University, Kaoshiung, Taiwan
A4: =B3 -> 0.43055556 | B4: =A4+C4/(24*60) -> 0.45138889 | C4: 30 | D4: Rayko I. Stantchev | E4: Towards all fiber coupled THz spectroscopic imaging system for in-vivo skin meausurement | F4: National Sun Yat-sen University, Kaoshiung, Taiwan
A5: =B4 -> 0.45138889 | B5: =A5+C5/(24*60) -> 0.47222222 | C5: 30 | D5: Shang-Hua Yang | E5: THz Compressive Optical-Digital Neural Network | F5: National Tsing Hua University, Hsinchu, Taiwan
A6: =B5 -> 0.47222222 | B6: =A6+C6/(24*60) -> 0.47916667 | C6: 10 | E6: Break
A7: =B6 -> 0.47916667 | B7: =A7+C7/(24*60) -> 0.5 | C7: 30 | D7: Hideaki Kitahara | E7: Measurement of Dielectric Loss Tangent for Low Loss Plastics by Terahertz Time-domain Spectroscopy II | F7: University of Fukui, Japan
A8: =B7 -> 0.5 | B8: =A8+C8/(24*60) -> 0.52083333 | C8: 30 | D8: Yu-Han Hung | E8: Cascaded-Injection-Locked Optical Frequency Combs for DAS Applications in ISAC Systems | F8: National Sun Yat-sen University, Kaoshiung, Taiwan
A9: =B8 -> 0.52083333 | B9: =A9+C9/(24*60) -> 0.5625 | C9: 60 | E9: Lunch
A10: =B9 -> 0.5625 | B10: =A10+C10/(24*60) -> 0.58333333 | C10: 30 | D10: Masafumi Fukunari | E10: Development of High-Frequency Gyrotrons for Biological Exposure Applications and Design of a 750 GHz Gyrotron | F10: University of Fukui, Japan
A11: =B10 -> 0.58333333 | B11: =A11+C11/(24*60) -> 0.60416667 | C11: 30 | D11: Ming Chang Chou | E11: NSRRC Superradiant THz Free Electron Lasers Developed for User Applications | F11: National Synchrotron Radiation Research Center
A12: =B11 -> 0.60416667 | B12: =A12+C12/(24*60) -> 0.61458333 | C12: 15 | E12: Break
A13: =B12 -> 0.61458333 | B13: =A13+C13/(24*60) -> 0.63541667 | C13: 30 | D13: Kenneth Alaba | E13: Generation and characterization of a THz vortex beam using a 3D-printed spiral phase plate and aperture-scanning time-domain spectroscopy | F13: National Institute of Physics, University of the Philippines, Diliman
A14: =B13 -> 0.63541667 | B14: =A14+C14/(24*60) -> 0.63541667 | C14: 0 | D14: Chan-Shan Yang | E14: Cancelled :/ | F14: National Taiwan Normal University, Taipei, Taiwan
A15: =B14 -> 0.63541667 | B15: =A15+C15/(24*60) -> 0.66666667 | C15: 45 | E15: Break
A16: =B15 -> 0.66666667 | B16: =A16+C16/(24*60) -> 0.71875 | C16: 75 | D16: Lab tour | E16: Lab tour
A17: =B16 -> 0.71875 | B17: =A17+C17/(24*60) -> 0.74652778 | C17: 40 | D17: Travel to Banquet venue | E17: Travel to Banquet venue
A18: =B17 -> 0.74652778 | B18: =A18+C18/(24*60) -> 0.80902778 | C18: 90 | D18: Banquet is at 18:00 | E18: Banquet at 上菜 片皮鴨專賣店 高雄夢時代店6樓 | F18: https://maps.app.goo.gl/ixygX8kxdkeicqhb8
A21: Tentative Program – Friday, 2026/05/01
A22: 46143 | C22: Duration | D22: Speaker | E22: Title | F22: Affiliation
A23: 0.42361111 | B23: =A23+C23/(24*60) -> 0.44444444 | C23: 30 | D23: Koushik Mondal | E23: Investigation on the Ultrafast Photocurrent Generation in Antimony Telluride (Sb2Te3) Nanowire using THz Emission Spectroscopy | F23: National Yang Ming Chiao Tung University
A24: =B23 -> 0.44444444 | B24: =A24+C24/(24*60) -> 0.46527778 | C24: 30 | D24: Kosuke Murate | E24: Terahertz Scanner System based on Parametric Wavelength Conversion | F24: Nagoya University, Japan
A25: =B24 -> 0.46527778 | B25: =A25+C25/(24*60) -> 0.47222222 | C25: 10 | E25: Break
A26: =B25 -> 0.47222222 | B26: =A26+C26/(24*60) -> 0.49305556 | C26: 30 | D26: Chih-Wei Luo | E26: Can the charge-density-wave materials generate THz waves? | F26: National Yang Ming Chiao Tung University, Taiwan
A27: =B26 -> 0.49305556 | B27: =A27+C27/(24*60) -> 0.51388889 | C27: 30 | D27: Sheng-Kwang Hwang | E27: Photonic Terahertz-Wave Generation with High Spectral Purity and Wide Frequency Tunability using Two Mutually Injected Semiconductor Lasers | F27: National Cheng Kung University, Tainan, Taiwan
A28: =B27 -> 0.51388889 | B28: =A28+C28/(24*60) -> 0.55902778 | C28: 65 | E28: Lunch
A29: =B28 -> 0.55902778 | B29: =A29+C29/(24*60) -> 0.57986111 | C29: 30 | D29: Masahiko Tani | E29: Dual EO sampling for sigle-shots THz pulse detection | F29: University of Fukui, Japan
A30: =B29 -> 0.57986111 | B30: =A30+C30/(24*60) -> 0.60069444 | C30: 30 | D30: Yuya Ishikawa | E30: Diabolo type micro resonator properties for electron spin resonance | F30: University of Fukui, Japan
A31: =B30 -> 0.60069444 | B31: =A31+C31/(24*60) -> 0.60763889 | C31: 10 | E31: Break, group photo
A32: =B31 -> 0.60763889 | B32: =A32+C32/(24*60) -> 0.65277778 | C32: 65 | D32: POSTER Session | E32: POSTER Session
A33: =B32 -> 0.65277778 | B33: =A33+C33/(24*60) -> 0.67361111 | C33: 30 | D33: Chien-Ming Tu | E33: Photon Drag–Driven Terahertz Emission in Novel Materials | F33: National Yang Ming Chiao Tung University, Taiwan
A34: =B33 -> 0.67361111 | B34: =A34+C34/(24*60) -> 0.6875 | C34: 20 | D34: Cheng-Siang Le | E34: GeSn Terahertz Photomixer | F34: National Tsing Hua University, Hsinchu, Taiwan
A35: =B34 -> 0.6875 | B35: =A35+C35/(24*60) -> 0.70138889 | C35: 20 | D35: Xuan-Wei Miao | E35: THz ISAC for Gbps Communication and Precision Sensing with Single-Waveform | F35: National Tsing Hua University, Hsinchu, Taiwan
A36: =B35 -> 0.70138889 | B36: =A36+C36/(24*60) -> 0.70833333 | C36: 10 | D36: Rayko I. Stantchev | E36: Closing remarks
A37: =B36 -> 0.70833333 | B37: =A37+C37/(24*60) -> 0.71875 | C37: 15 | E37: END!!!
A39: 0.79166667 | C39: 90? | E39: Self-paid Dinner, Qian Jiu Re Chao Izakaya Restaurant 淺酒熱炒居酒屋 | F39: https://maps.app.goo.gl/JCuM24dV5VqckhN59
A40: 0.85416667 | B40: 1 | C40: Not sure | E40: Karaoke, or bar?

Sheet Sheet2
B2: duration | C2: Name | D2: Title
B3: 10 | C3: ='Day 1'!D3 -> Rayko I. Stantchev | D3: ='Day 1'!E3 -> Opening remarks
B4: 30 | C4: ='Day 1'!D4 -> Rayko I. Stantchev | D4: ='Day 1'!E4 -> Towards all fiber coupled THz spectroscopic imaging system for in-vivo skin meausurement
B5: 30 | C5: ='Day 1'!D5 -> Shang-Hua Yang | D5: ='Day 1'!E5 -> THz Compressive Optical-Digital Neural Network
B6: 30 | C6: ='Day 1'!D7 -> Hideaki Kitahara | D6: ='Day 1'!E7 -> Measurement of Dielectric Loss Tangent for Low Loss Plastics by Terahertz Time-domain Spectroscopy II
B7: 30 | C7: ='Day 1'!D8 -> Yu-Han Hung | D7: ='Day 1'!E8 -> Cascaded-Injection-Locked Optical Frequency Combs for DAS Applications in ISAC Systems
B8: 40 | C8: ='Day 1'!D9 | D8: ='Day 1'!E9 -> Lunch
B9: 30 | C9: ='Day 1'!D10 -> Masafumi Fukunari | D9: ='Day 1'!E10 -> Development of High-Frequency Gyrotrons for Biological Exposure Applications and Design of a 750 GHz Gyrotron
B10: 30 | C10: =#REF! -> #REF! | D10: =#REF! -> #REF!
C11: ='Day 1'!D15 | D11: ='Day 1'!E15 -> Break
C12: ='Day 1'!D11 -> Ming Chang Chou | D12: ='Day 1'!E11 -> NSRRC Superradiant THz Free Electron Lasers Developed for User Applications
C13: =#REF! -> #REF! | D13: =#REF! -> #REF!
C14: ='Day 1'!D12 | D14: ='Day 1'!E12 -> Break
C15: ='Day 1'!D16 -> Lab tour | D15: ='Day 1'!E16 -> Lab tour
C16: ='Day 1'!D17 -> Travel to Banquet venue | D16: ='Day 1'!E17 -> Travel to Banquet venue
C17: ='Day 1'!D18 -> Banquet is at 18:00 | D17: ='Day 1'!E18 -> Banquet at 上菜 片皮鴨專賣店 高雄夢時代店6樓
C18: ='Day 1'!D19 | D18: ='Day 1'!E19
C19: ='Day 1'!D20 | D19: ='Day 1'!E20
C20: ='Day 1'!D21 | D20: ='Day 1'!E21
